%Atmospheric Pressure [Pa],Atmospheric Temperature [K],Atmospheric Density [kg/m^3],Airspeed [m/s],Pitot Dynamic Pressure [Pa],Aux Dynamic Pressure [Pa],Scanivalve Pressure 1 [Pa],Scanivalve Pressure 2 [Pa],Scanivalve Pressure 3 [Pa],Scanivalve Pressure 4 [Pa],Scanivalve Pressure 5 [Pa],Scanivalve Pressure 6 [Pa],Scanivalve Pressure 7 [Pa],Scanivalve Pressure 8 [Pa],Scanivalve Pressure 9 [Pa],Scanivalve Pressure 10 [Pa],Scanivalve Pressure 11 [Pa],Scanivalve Pressure 12 [Pa],Scanivalve Pressure 13 [Pa],Scanivalve Pressure 14 [Pa],Scanivalve Pressure 15 [Pa],Scanivalve Pressure 16 [Pa],Angle of Attack [deg],Sting Normal Force [N],Sting Axial Force [N],Sting Pitching Moment [Nm],ELD Probe X axis [mm],ELD Probe Y axis [mm]
83843.993,302.475,0.966,8.913,38.357,-10.734,-5.944,18.194,3.103,-10.020,-12.306,-16.601,-17.829,-16.263,-8.930,-17.398,-22.772,-32.175,-25.296,-27.165,-27.674,-28.587,-9.000,-544.798,-289.718,14.557,-320.769,102.196
83848.024,302.473,0.966,8.922,38.436,-10.734,-6.484,18.197,4.173,-11.063,-12.198,-17.016,-17.616,-16.370,-9.376,-16.044,-23.404,-31.856,-24.878,-26.538,-27.156,-28.475,-9.000,-544.798,-289.718,14.557,-320.752,102.196
83843.993,302.475,0.966,8.895,38.199,-10.734,-5.620,17.750,3.854,-10.437,-12.414,-17.639,-16.975,-16.156,-8.818,-17.190,-20.874,-32.175,-25.401,-25.494,-27.260,-28.475,-9.000,-544.798,-289.718,14.557,-320.769,102.196
83848.024,302.472,0.966,8.904,38.278,-10.734,-4.755,18.308,3.211,-10.228,-12.198,-17.950,-17.509,-16.263,-8.371,-17.711,-20.558,-31.113,-24.878,-25.598,-26.327,-27.800,-9.000,-544.798,-289.718,14.557,-320.752,102.185
83848.024,302.475,0.966,8.894,38.199,-10.574,-4.863,17.862,3.747,-10.855,-12.306,-17.328,-17.936,-16.370,-9.488,-16.982,-19.925,-30.370,-23.415,-25.076,-26.327,-26.674,-9.000,-544.798,-289.718,14.557,-320.801,102.196
83843.993,302.472,0.966,8.895,38.199,-10.414,-4.215,17.527,3.532,-10.228,-12.306,-16.809,-17.723,-17.440,-9.934,-15.315,-19.609,-30.263,-23.101,-24.031,-25.912,-26.336,-9.000,-544.798,-289.718,14.557,-320.785,102.207
83848.024,302.472,0.966,8.904,38.278,-10.734,-3.350,17.750,3.532,-10.541,-12.306,-18.158,-18.152,-16.477,-10.492,-15.002,-19.187,-29.733,-22.265,-24.031,-24.772,-26.674,-9.000,-544.798,-289.718,14.557,-320.785,102.196
83843.993,302.475,0.966,8.904,38.278,-10.734,-3.134,18.308,2.676,-10.855,-12.630,-17.431,-17.832,-17.443,-10.046,-15.627,-19.082,-29.095,-21.951,-22.986,-24.461,-25.436,-9.000,-544.798,-289.718,14.557,-320.769,102.207
83843.993,302.473,0.966,8.876,38.041,-10.414,-3.458,17.304,3.532,-10.855,-11.982,-17.431,-17.725,-17.336,-9.934,-14.065,-20.136,-28.883,-21.429,-22.568,-24.565,-25.211,-9.000,-544.798,-289.718,14.557,-320.785,102.207
83843.993,302.472,0.966,8.904,38.278,-10.574,-1.945,16.746,3.747,-11.063,-12.738,-17.535,-17.619,-16.908,-10.604,-13.960,-19.293,-28.777,-20.592,-21.523,-23.632,-24.986,-9.000,-544.798,-289.718,14.557,-320.801,102.207
83856.087,302.473,0.966,8.894,38.199,-10.734,-2.269,17.304,2.569,-10.855,-13.170,-18.261,-18.046,-17.443,-10.269,-14.377,-19.714,-26.865,-21.010,-21.419,-23.632,-24.761,-9.000,-544.798,-289.718,14.557,-320.752,102.207
83848.024,302.475,0.966,8.913,38.357,-10.254,-1.297,17.080,3.854,-11.898,-12.954,-18.261,-18.259,-17.978,-10.604,-15.210,-19.503,-26.653,-20.279,-22.568,-23.425,-24.086,-9.000,-544.798,-289.718,14.557,-320.785,102.207
83856.087,302.472,0.966,8.903,38.278,-10.254,-1.189,16.522,2.676,-10.959,-13.386,-18.158,-18.686,-18.834,-11.608,-15.002,-18.871,-27.290,-19.965,-21.001,-23.114,-23.748,-9.000,-544.798,-289.718,14.557,-320.785,102.196
83852.055,302.476,0.966,8.913,38.357,-10.094,-0.865,16.411,2.355,-11.376,-12.846,-18.884,-19.114,-18.192,-12.836,-15.002,-18.027,-26.335,-20.279,-21.105,-22.181,-24.086,-9.000,-544.798,-289.718,14.557,-320.785,102.196
83848.024,302.473,0.966,8.894,38.199,-10.254,-0.865,16.857,2.248,-12.107,-13.494,-18.365,-19.114,-18.834,-12.948,-14.898,-16.973,-26.335,-19.129,-21.001,-22.388,-22.622,-9.000,-544.798,-289.718,14.557,-320.736,102.207
83856.087,302.476,0.966,8.894,38.199,-10.094,-0.865,16.299,2.462,-12.107,-13.818,-18.676,-19.327,-18.941,-13.059,-13.544,-17.184,-26.441,-19.233,-20.165,-21.455,-22.172,-9.000,-544.798,-289.718,14.557,-320.769,102.207
83852.055,302.473,0.966,8.903,38.278,-10.254,0.325,15.294,1.927,-11.898,-13.926,-18.884,-19.434,-18.620,-12.948,-13.231,-16.446,-26.759,-18.606,-19.747,-20.937,-21.609,-9.000,-544.798,-289.718,14.557,-320.785,102.207
83848.024,302.475,0.966,8.885,38.120,-10.254,0.433,16.187,0.963,-12.733,-14.249,-19.299,-19.647,-18.406,-11.832,-13.023,-17.184,-25.379,-19.129,-19.643,-20.937,-21.047,-9.000,-544.798,-289.718,14.557,-320.769,102.196
83839.961,302.475,0.966,8.895,38.199,-10.414,1.191,15.518,1.820,-12.316,-13.710,-18.573,-19.541,-18.620,-11.720,-13.856,-16.868,-25.273,-17.979,-19.434,-20.211,-20.146,-9.000,-544.798,-289.718,14.557,-320.769,102.185
83843.993,302.473,0.966,8.895,38.199,-10.094,1.840,15.518,1.713,-12.003,-14.465,-19.092,-19.647,-19.262,-11.162,-14.065,-16.657,-24.954,-17.352,-18.389,-20.315,-20.709,-9.000,-544.798,-289.718,14.557,-320.769,102.185
83839.961,302.492,0.966,16.869,137.381,-19.059,-15.994,66.313,10.705,-43.418,-48.685,-57.171,-54.778,-44.838,-27.124,-29.067,-69.053,-103.320,-108.397,-114.094,-112.874,-125.492,-9.000,-544.798,-289.718,14.557,-320.769,102.207
83835.930,302.492,0.966,16.869,137.381,-19.379,-17.615,66.424,10.490,-42.166,-48.469,-56.652,-53.603,-44.945,-27.235,-33.130,-67.893,-104.276,-107.038,-113.049,-113.910,-123.354,-9.000,-544.798,-289.718,14.557,-320.785,102.196
83835.930,302.491,0.966,16.874,137.460,-19.059,-16.751,66.089,10.276,-41.853,-47.822,-57.067,-53.924,-44.089,-28.351,-35.005,-68.104,-103.427,-106.306,-111.273,-111.423,-121.890,-9.000,-544.798,-289.718,14.557,-320.769,102.196
83835.930,302.491,0.966,16.879,137.539,-19.219,-15.670,67.205,9.955,-41.853,-48.577,-56.341,-53.496,-44.517,-28.240,-36.255,-67.366,-102.258,-104.320,-110.855,-111.008,-118.627,-9.000,-544.798,-289.718,14.557,-320.752,102.218
83835.930,302.491,0.966,16.874,137.460,-19.539,-15.994,66.536,10.704,-42.479,-48.038,-56.963,-53.283,-44.624,-29.021,-35.213,-70.107,-101.728,-104.216,-111.064,-111.216,-117.389,-9.000,-544.798,-289.718,14.557,-320.785,102.196
83839.961,302.489,0.966,16.883,137.618,-19.379,-13.617,66.759,10.490,-41.853,-48.361,-56.548,-53.496,-43.982,-28.798,-39.381,-67.999,-103.320,-104.634,-110.019,-109.661,-114.687,-9.000,-544.798,-289.718,14.557,-320.769,102.185
83835.930,302.488,0.966,16.884,137.618,-19.219,-12.428,67.540,10.169,-41.853,-47.282,-57.586,-53.283,-43.768,-27.682,-38.131,-72.005,-103.427,-103.902,-109.601,-110.179,-115.250,-9.000,-544.798,-289.718,14.557,-320.785,102.207
83835.930,302.491,0.966,16.879,137.539,-19.059,-12.212,66.871,12.417,-42.061,-46.958,-55.511,-52.749,-43.126,-25.003,-43.756,-74.746,-101.515,-102.439,-111.273,-109.246,-115.363,-9.000,-544.798,-289.718,14.557,-320.752,102.175
83835.930,302.491,0.966,16.884,137.618,-19.379,-12.536,67.987,12.096,-40.078,-47.066,-55.199,-51.574,-42.376,-25.226,-48.236,-70.318,-104.701,-105.156,-109.706,-109.972,-115.813,-9.000,-544.798,-289.718,14.557,-320.736,102.207
83839.961,302.489,0.966,16.888,137.697,-19.219,-13.941,67.764,11.668,-40.287,-47.282,-55.614,-52.108,-42.055,-27.123,-47.194,-70.634,-103.957,-104.320,-109.810,-109.557,-114.012,-9.000,-544.798,-289.718,14.557,-320.769,102.196
83839.961,302.491,0.966,16.883,137.618,-19.379,-13.509,68.099,11.989,-40.287,-46.526,-55.303,-52.535,-42.911,-27.012,-40.631,-66.206,-103.957,-104.634,-109.392,-108.624,-113.112,-9.000,-544.798,-289.718,14.557,-320.769,102.218
83835.930,302.489,0.966,16.898,137.855,-19.379,-12.536,68.099,12.203,-40.705,-46.095,-54.992,-52.215,-43.554,-27.570,-31.255,-66.944,-101.303,-102.752,-110.228,-110.386,-114.237,-9.000,-544.798,-289.718,14.557,-320.736,102.185
83839.961,302.491,0.966,16.898,137.855,-19.059,-13.400,67.764,12.524,-39.765,-46.634,-54.784,-51.574,-41.841,-25.561,-41.152,-66.839,-99.816,-106.619,-113.885,-114.636,-120.765,-9.000,-544.798,-289.718,14.557,-320.769,102.207
83839.961,302.489,0.966,16.908,138.013,-19.059,-17.723,68.992,12.631,-39.870,-45.879,-55.303,-51.361,-41.948,-25.561,-39.902,-63.465,-101.515,-112.368,-118.691,-119.300,-128.756,-9.000,-544.798,-289.718,14.557,-320.785,102.207
83848.024,302.491,0.966,16.902,137.934,-19.379,-23.883,69.438,13.488,-39.765,-45.879,-54.473,-51.574,-41.948,-26.119,-31.359,-64.730,-106.506,-114.563,-121.303,-125.829,-136.184,-9.000,-544.798,-289.718,14.557,-320.785,102.207
83843.993,302.489,0.966,16.902,137.934,-19.539,-29.719,69.773,13.595,-39.035,-46.202,-54.266,-50.720,-43.340,-25.784,-29.275,-69.685,-107.356,-117.699,-125.483,-129.872,-138.548,-9.000,-544.798,-289.718,14.557,-320.769,102.185
83843.993,302.489,0.966,16.902,137.934,-19.699,-32.096,69.885,13.488,-39.243,-45.231,-54.784,-50.934,-41.199,-24.891,-33.755,-65.046,-106.719,-121.985,-127.781,-129.872,-140.686,-9.000,-544.798,-289.718,14.557,-320.769,102.207
83843.993,302.488,0.966,16.907,138.013,-19.699,-33.069,71.113,14.130,-38.200,-45.015,-53.435,-50.507,-40.878,-25.114,-36.047,-64.414,-108.630,-117.595,-128.095,-128.213,-136.747,-9.000,-544.798,-289.718,14.557,-320.769,102.196
83843.993,302.488,0.966,16.902,137.934,-19.379,-32.096,70.331,15.200,-38.408,-44.691,-53.643,-50.400,-41.306,-26.565,-26.983,-64.941,-112.559,-116.758,-126.110,-128.110,-135.172,-9.000,-544.798,-289.718,14.557,-320.785,102.185
83839.961,302.488,0.966,16.908,138.013,-19.699,-29.070,71.001,14.772,-38.513,-45.339,-53.332,-49.759,-41.199,-26.565,-28.442,-66.311,-113.090,-117.699,-125.483,-128.110,-131.570,-9.000,-544.798,-289.718,14.557,-320.769,102.196
83839.961,302.499,0.966,34.026,558.927,-44.354,-80.187,261.972,19.904,-203.211,-230.041,-262.406,-255.911,-227.685,-150.575,-51.153,-180.487,-356.790,-432.020,-495.140,-537.733,-541.699,-9.000,-544.798,-289.718,14.557,-320.785,102.218
83831.898,302.499,0.965,34.025,558.848,-44.514,-64.409,262.458,21.937,-201.749,-227.990,-259.812,-251.961,-224.476,-150.352,-60.426,-184.809,-354.667,-423.240,-492.005,-524.362,-519.077,-9.000,-544.798,-289.718,14.557,-320.785,102.196
83835.930,302.499,0.965,34.024,558.848,-44.674,-52.089,259.444,20.660,-202.584,-230.257,-262.094,-255.698,-228.755,-156.045,-62.509,-205.156,-366.347,-435.051,-483.229,-517.729,-511.198,-9.000,-544.798,-289.718,14.557,-320.752,102.218
83835.930,302.501,0.965,34.024,558.848,-44.354,-44.740,259.891,19.161,-203.106,-228.746,-262.198,-254.203,-227.043,-154.259,-63.759,-204.418,-360.294,-432.961,-476.020,-502.596,-491.840,-9.000,-544.798,-289.718,14.557,-320.752,102.207
83835.930,302.501,0.965,34.029,559.006,-44.514,-29.935,257.546,19.589,-203.837,-228.854,-261.472,-255.698,-228.327,-153.589,-45.423,-201.993,-367.515,-428.989,-472.781,-502.389,-494.991,-9.000,-544.798,-289.718,14.557,-320.801,102.196
83839.961,302.499,0.966,34.021,558.769,-44.674,-31.232,257.770,18.519,-203.941,-230.797,-262.923,-256.338,-229.932,-155.040,-56.675,-189.659,-371.444,-433.797,-480.930,-510.266,-501.406,-9.000,-544.798,-289.718,14.557,-320.769,102.207
83835.930,302.502,0.965,34.024,558.848,-44.674,-33.825,256.988,19.054,-203.732,-229.394,-262.612,-255.096,-228.969,-157.272,-52.924,-191.345,-371.975,-449.581,-487.721,-507.571,-497.692,-9.000,-544.798,-289.718,14.557,-320.785,102.196
83843.993,302.499,0.966,34.020,558.769,-44.514,-31.556,258.216,19.161,-203.523,-229.717,-261.989,-254.882,-228.897,-154.259,-62.197,-186.918,-377.815,-451.881,-489.393,-504.980,-495.554,-9.000,-544.798,-289.718,14.557,-320.785,102.196
83843.993,302.497,0.966,34.015,558.611,-44.514,-28.098,257.658,18.305,-204.150,-229.501,-261.989,-254.349,-228.255,-155.708,-60.738,-196.617,-387.585,-453.344,-483.647,-500.005,-491.502,-9.000,-544.798,-289.718,14.557,-320.769,102.207
83839.961,302.499,0.966,34.019,558.690,-44.994,-24.640,256.207,18.626,-203.523,-230.257,-262.508,-254.562,-229.326,-156.267,-63.030,-216.542,-386.629,-443.414,-474.557,-486.323,-473.944,-9.000,-544.798,-289.718,14.557,-320.752,102.196
83843.993,302.501,0.966,34.011,558.453,-44.834,-13.833,255.760,17.341,-204.463,-230.149,-263.338,-255.523,-229.861,-159.727,-92.930,-218.858,-377.391,-428.780,-458.571,-467.666,-448.171,-9.000,-544.798,-289.718,14.557,-320.769,102.196
83839.961,302.497,0.966,34.018,558.690,-44.994,5.087,252.858,16.057,-207.385,-232.200,-264.376,-258.406,-233.285,-163.187,-96.472,-225.710,-382.485,-425.853,-450.944,-453.052,-429.262,-9.000,-544.798,-289.718,14.557,-320.785,102.185
83843.993,302.499,0.966,34.018,558.690,-44.994,21.215,248.392,12.524,-209.055,-234.467,-266.762,-258.940,-234.890,-163.187,-113.141,-228.346,-382.166,-416.024,-442.794,-454.399,-436.916,-9.000,-544.798,-289.718,14.557,-320.752,102.185
83843.993,302.499,0.966,34.013,558.532,-44.834,21.431,248.392,11.668,-208.846,-234.143,-267.281,-260.542,-235.211,-165.084,-95.743,-241.102,-371.229,-422.609,-452.612,-461.966,-455.937,-9.000,-544.798,-289.718,14.557,-320.752,102.185
83843.993,302.499,0.966,34.025,558.927,-44.674,10.174,247.053,9.420,-212.186,-236.410,-268.941,-263.211,-237.886,-167.094,-103.244,-219.279,-378.450,-422.923,-454.075,-459.574,-449.859,-9.000,-544.798,-289.718,14.557,-320.769,102.207
83843.993,302.501,0.966,34.015,558.611,-44.674,8.875,247.946,10.062,-210.934,-235.547,-267.281,-260.542,-235.104,-160.731,-90.430,-227.924,-375.901,-410.379,-450.940,-462.787,-460.213,-9.000,-544.798,-289.718,14.557,-320.769,102.196
83843.993,302.501,0.966,34.015,558.611,-44.834,6.062,246.383,10.383,-210.516,-235.871,-268.630,-261.503,-236.174,-164.973,-89.492,-214.008,-357.000,-424.282,-460.761,-478.127,-483.511,-9.000,-544.798,-289.718,14.557,-320.752,102.164
83852.055,302.499,0.966,34.011,558.532,-44.834,-13.292,250.067,9.848,-210.621,-235.655,-268.319,-260.969,-235.639,-160.955,-68.552,-212.321,-356.575,-426.999,-470.374,-491.394,-508.384,-9.000,-544.798,-289.718,14.557,-320.785,102.185
83843.993,302.502,0.966,34.013,558.532,-45.154,-30.259,250.626,13.059,-210.307,-234.683,-267.592,-261.289,-235.104,-161.066,-66.260,-201.252,-363.052,-435.257,-483.538,-496.473,-505.008,-9.000,-544.798,-289.718,14.557,-320.785,102.196
83852.055,302.501,0.966,34.009,558.453,-44.674,-28.962,251.407,11.561,-211.038,-236.950,-268.734,-261.503,-236.388,-160.955,-63.759,-193.240,-375.476,-440.588,-481.553,-499.168,-510.298,-9.000,-544.798,-289.718,14.557,-320.785,102.207
83848.024,302.491,0.966,8.995,39.068,-18.899,25.873,-6.242,-16.884,-24.423,-19.323,-18.365,-16.337,-17.336,-13.729,-2.917,-0.843,-8.920,-4.077,-8.985,-17.309,-23.298,-1.000,-544.798,-289.718,14.557,-320.752,102.185
83839.961,302.489,0.966,8.987,38.989,-19.059,26.198,-7.133,-17.312,-24.527,-19.863,-18.158,-16.017,-16.801,-14.399,-3.334,-0.422,-9.451,-4.286,-8.672,-16.895,-24.085,-1.000,-544.798,-289.718,14.557,-320.769,102.218
83852.055,302.492,0.966,8.986,38.989,-18.899,25.765,-6.353,-17.953,-24.318,-19.107,-18.158,-16.230,-16.908,-14.064,-3.855,-1.160,-8.707,-4.495,-8.776,-17.206,-23.523,-1.000,-544.798,-289.718,14.557,-320.752,102.185
83843.993,302.491,0.966,8.996,39.068,-19.059,25.873,-6.576,-17.312,-25.258,-19.755,-17.950,-16.337,-16.694,-13.729,-3.021,-1.265,-8.920,-4.077,-9.403,-16.895,-23.410,-1.000,-544.798,-289.718,14.557,-320.785,102.196
83848.024,302.489,0.966,8.986,38.989,-19.059,26.631,-6.353,-17.098,-24.318,-19.971,-18.573,-15.803,-16.801,-13.841,-3.334,-0.105,-9.238,-4.181,-8.359,-17.724,-23.298,-1.000,-544.798,-289.718,14.557,-320.785,102.196
83848.024,302.491,0.966,8.986,38.989,-19.059,26.306,-6.130,-17.953,-24.631,-19.215,-18.988,-16.337,-16.480,-13.841,-3.438,-0.843,-8.283,-4.286,-8.881,-17.102,-23.860,-1.000,-544.798,-289.718,14.557,-320.769,102.185
83839.961,302.492,0.966,8.987,38.989,-19.219,26.631,-5.684,-16.991,-24.840,-19.431,-17.743,-16.871,-16.159,-13.059,-3.646,-0.738,-8.389,-3.972,-9.508,-16.584,-23.298,-1.000,-544.798,-289.718,14.557,-320.769,102.196
83852.055,302.496,0.966,8.968,38.831,-19.219,25.981,-6.465,-17.098,-24.840,-19.647,-17.846,-15.697,-17.443,-12.948,-2.605,-0.527,-8.707,-4.181,-8.254,-17.309,-23.298,-1.000,-544.798,-289.718,14.557,-320.769,102.196
83852.055,302.492,0.966,8.986,38.989,-18.739,26.739,-6.910,-16.991,-24.527,-19.539,-18.365,-16.017,-16.052,-13.729,-2.813,-0.422,-9.026,-3.972,-8.463,-16.584,-23.523,-1.000,-544.798,-289.718,14.557,-320.785,102.185
83843.993,302.492,0.966,8.986,38.989,-19.059,26.955,-6.353,-17.846,-24.631,-18.891,-18.365,-16.124,-16.159,-12.836,-2.813,-0.105,-8.389,-4.077,-8.985,-16.687,-22.735,-1.000,-544.798,-289.718,14.557,-320.769,102.196
83848.024,302.491,0.966,8.977,38.910,-18.899,26.198,-6.242,-17.953,-25.153,-19.431,-17.639,-15.803,-16.159,-12.948,-2.709,-1.371,-8.707,-3.868,-8.881,-16.584,-22.397,-1.000,-544.798,-289.718,14.557,-320.752,102.196
83848.024,302.494,0.966,8.977,38.910,-19.059,27.280,-7.579,-17.205,-24.527,-19.755,-18.365,-16.124,-16.373,-13.283,-3.230,-0.527,-9.026,-4.077,-8.567,-16.791,-22.847,-1.000,-544.798,-289.718,14.557,-320.752,102.175
83843.993,302.496,0.966,8.968,38.831,-19.059,26.522,-6.242,-17.739,-24.736,-19.539,-19.195,-16.230,-16.801,-13.617,-3.021,-1.054,-8.495,-4.704,-8.463,-16.169,-23.072,-1.000,-544.798,-289.718,14.557,-320.752,102.207
83843.993,302.496,0.966,8.977,38.910,-19.219,26.522,-6.242,-17.098,-24.527,-19.215,-18.261,-16.978,-16.373,-13.283,-3.021,-0.949,-8.283,-3.136,-9.821,-16.998,-22.847,-1.000,-544.798,-289.718,14.557,-320.785,102.185
83835.930,302.497,0.965,8.969,38.831,-19.059,25.981,-6.687,-17.525,-24.318,-19.431,-18.054,-16.230,-16.801,-13.171,-3.021,-0.843,-9.026,-4.077,-8.568,-17.413,-22.397,-1.000,-544.798,-289.718,14.557,-320.769,102.185
83839.961,302.496,0.966,8.968,38.831,-19.219,27.172,-7.245,-17.525,-24.840,-19.107,-18.054,-15.803,-15.624,-14.287,-2.917,-0.211,-8.814,-3.868,-8.568,-16.584,-23.185,-1.000,-544.798,-289.718,14.557,-320.769,102.196
83848.024,302.496,0.966,8.986,38.989,-19.059,26.518,-6.687,-18.487,-24.631,-18.891,-17.639,-16.337,-16.587,-12.948,-3.438,-0.949,-9.132,-3.868,-8.463,-16.998,-22.397,-1.000,-544.798,-289.718,14.557,-320.785,102.218
83843.993,302.496,0.966,8.959,38.752,-19.219,26.627,-7.133,-16.991,-25.049,-19.107,-18.054,-15.590,-16.159,-12.836,-2.605,-1.054,-8.495,-3.972,-8.672,-16.584,-22.622,-1.000,-544.798,-289.718,14.557,-320.769,102.185
83848.024,302.497,0.966,8.959,38.752,-19.059,27.276,-7.245,-17.632,-24.631,-19.863,-17.743,-15.910,-16.266,-13.506,-2.813,-0.527,-9.026,-4.390,-8.463,-16.791,-22.960,-1.000,-544.798,-289.718,14.557,-320.769,102.207
83843.993,302.496,0.966,8.977,38.910,-19.059,27.276,-6.130,-17.739,-24.736,-18.783,-17.950,-15.590,-15.731,-13.171,-3.438,-0.843,-8.176,-3.763,-7.941,-16.895,-22.510,-1.000,-544.798,-289.718,14.557,-320.752,102.185
83839.961,302.488,0.966,16.927,138.329,-22.741,128.065,-56.620,-95.535,-122.531,-102.444,-90.062,-77.308,-75.978,-65.186,3.862,2.324,-8.495,-7.631,-19.120,-37.003,-47.946,-1.000,-544.798,-289.718,14.557,-320.769,102.196
83848.024,302.496,0.966,16.926,138.329,-22.421,128.606,-57.512,-95.748,-122.427,-102.444,-90.062,-77.949,-75.443,-65.855,3.549,2.958,-8.707,-7.840,-18.807,-36.692,-48.621,-1.000,-544.798,-289.718,14.557,-320.785,102.196
83852.055,302.492,0.966,16.921,138.250,-22.581,128.823,-56.732,-96.817,-122.844,-102.444,-90.270,-77.628,-75.978,-61.726,3.131,3.275,-8.601,-7.735,-19.225,-36.484,-48.283,-1.000,-544.798,-289.718,14.557,-320.769,102.185
83843.993,302.491,0.966,16.927,138.329,-22.741,128.606,-57.400,-95.748,-123.262,-102.552,-90.373,-77.415,-75.443,-65.297,4.801,2.746,-8.707,-7.422,-19.851,-36.484,-47.946,-1.000,-544.798,-289.718,14.557,-320.752,102.196
83843.993,302.496,0.966,16.922,138.250,-22.421,129.580,-57.400,-95.962,-122.009,-103.416,-89.958,-77.308,-75.978,-63.065,3.966,3.275,-9.132,-7.735,-19.120,-36.795,-47.721,-1.000,-544.798,-289.718,14.557,-320.769,102.185
83839.961,302.491,0.966,16.922,138.250,-22.421,128.823,-56.955,-96.176,-122.531,-102.013,-90.996,-77.522,-75.550,-64.628,4.592,3.592,-8.601,-8.049,-19.225,-36.899,-49.296,-1.000,-544.798,-289.718,14.557,-320.769,102.207
83848.024,302.494,0.966,16.922,138.250,-22.741,128.606,-56.509,-96.283,-122.427,-102.660,-89.855,-78.483,-75.764,-65.521,3.131,3.063,-8.601,-7.631,-20.060,-37.521,-48.396,-1.000,-544.798,-289.718,14.557,-320.752,102.196
83839.961,302.494,0.966,16.932,138.409,-22.421,128.281,-56.843,-95.962,-122.531,-103.092,-89.959,-76.881,-76.192,-67.195,3.757,2.007,-8.920,-7.735,-19.643,-37.625,-48.959,-1.000,-544.798,-289.718,14.557,-320.785,102.196
83839.961,302.496,0.966,16.922,138.250,-22.581,128.281,-57.177,-96.283,-122.740,-102.229,-90.166,-77.201,-75.015,-69.761,3.757,2.852,-8.707,-7.422,-19.120,-36.588,-48.846,-1.000,-544.798,-289.718,14.557,-320.736,102.207
83848.024,302.494,0.966,16.926,138.329,-22.741,129.256,-55.840,-95.535,-122.218,-102.337,-89.855,-76.988,-75.657,-70.208,3.235,3.486,-8.707,-7.317,-18.702,-36.174,-47.496,-1.000,-544.798,-289.718,14.557,-320.752,102.196
83839.961,302.492,0.966,16.922,138.250,-22.421,129.364,-56.174,-95.107,-122.323,-102.229,-88.610,-76.988,-75.122,-69.315,5.010,3.063,-8.070,-7.631,-19.120,-36.692,-47.721,-1.000,-544.798,-289.718,14.557,-320.752,102.196
83843.993,302.496,0.966,16.922,138.250,-22.741,130.013,-57.289,-95.641,-122.114,-103.308,-89.751,-76.668,-75.015,-70.096,4.488,2.958,-9.026,-6.899,-18.807,-36.795,-47.833,-1.000,-544.798,-289.718,14.557,-320.769,102.207
83848.024,302.496,0.966,16.922,138.250,-22.581,129.689,-56.397,-96.283,-122.114,-101.581,-89.544,-76.774,-73.838,-65.855,3.653,2.958,-8.389,-8.571,-19.329,-36.484,-47.946,-1.000,-544.798,-289.718,14.557,-320.752,102.196
83848.024,302.494,0.966,16.912,138.092,-22.741,129.039,-56.509,-95.107,-122.323,-102.013,-88.610,-76.988,-74.587,-67.194,3.966,2.958,-8.389,-7.631,-20.061,-37.003,-48.171,-1.000,-544.798,-289.718,14.557,-320.752,102.185
83848.024,302.496,0.966,16.912,138.092,-22.421,129.147,-55.840,-95.214,-121.070,-101.473,-89.336,-76.347,-74.801,-68.087,3.653,2.958,-9.238,-7.735,-19.016,-37.521,-48.959,-1.000,-544.798,-289.718,14.557,-320.785,102.185
83848.024,302.496,0.966,16.912,138.092,-22.741,128.931,-56.509,-95.321,-121.279,-101.257,-89.025,-76.454,-73.945,-66.190,3.131,2.430,-9.238,-7.944,-19.120,-36.588,-49.521,-1.000,-544.798,-289.718,14.557,-320.752,102.196
83848.024,302.497,0.966,16.907,138.013,-22.741,129.020,-55.506,-95.748,-121.383,-101.149,-87.987,-75.386,-74.266,-65.520,2.505,2.324,-8.707,-7.840,-19.434,-37.521,-48.733,-1.000,-544.798,-289.718,14.557,-320.769,102.185
83848.024,302.492,0.966,16.912,138.092,-22.581,128.695,-55.951,-94.359,-121.696,-101.041,-87.676,-76.134,-73.410,-62.841,3.235,1.373,-9.238,-8.153,-19.956,-37.521,-48.621,-1.000,-544.798,-289.718,14.557,-320.752,102.207
83848.024,302.492,0.966,16.902,137.934,-22.581,128.803,-55.840,-95.000,-121.070,-101.473,-87.157,-75.493,-73.945,-57.818,2.609,2.746,-9.663,-8.049,-19.643,-37.728,-48.621,-1.000,-544.798,-289.718,14.557,-320.769,102.196
83852.055,302.494,0.966,16.902,137.934,-22.421,129.020,-54.837,-95.428,-120.757,-100.609,-88.298,-76.134,-73.624,-56.925,2.609,2.218,-9.132,-8.571,-20.583,-38.246,-49.634,-1.000,-544.798,-289.718,14.557,-320.769,102.196
83843.993,302.501,0.966,33.999,558.057,-50.597,540.622,-268.834,-432.791,-550.765,-475.841,-437.341,-378.105,-342.436,-86.170,30.685,13.099,-16.671,-31.881,-73.659,-136.402,-172.650,-1.000,-544.798,-289.718,14.557,-320.752,102.207
83848.024,302.501,0.966,34.000,558.137,-50.437,540.297,-270.395,-433.325,-551.495,-475.949,-437.445,-378.532,-341.901,-88.849,30.163,12.782,-17.839,-32.822,-74.495,-136.817,-174.113,-1.000,-544.798,-289.718,14.557,-320.752,102.185
83843.993,302.504,0.966,34.004,558.216,-50.597,539.215,-269.727,-435.356,-552.121,-476.273,-438.171,-379.814,-343.185,-87.733,28.284,12.254,-17.415,-33.972,-74.495,-137.439,-174.450,-1.000,-544.798,-289.718,14.557,-320.752,102.196
83839.961,302.501,0.966,34.004,558.216,-50.757,538.674,-270.507,-434.502,-553.165,-476.921,-438.171,-380.241,-343.613,-93.649,29.328,11.514,-17.627,-32.822,-75.749,-136.609,-173.325,-1.000,-544.798,-289.718,14.557,-320.769,102.185
83839.961,302.499,0.966,34.009,558.374,-50.597,539.540,-270.507,-434.288,-551.495,-476.703,-437.548,-378.532,-342.222,-94.318,30.581,13.204,-16.778,-31.777,-73.555,-135.469,-172.425,-1.000,-544.798,-289.718,14.557,-320.752,102.207
83839.961,302.499,0.966,34.009,558.374,-50.597,541.380,-269.727,-433.753,-551.599,-475.947,-437.964,-378.853,-342.008,-92.086,30.476,13.204,-16.140,-31.986,-73.659,-135.366,-172.762,-1.000,-544.798,-289.718,14.557,-320.736,102.207
83835.930,302.499,0.965,34.010,558.374,-50.437,541.055,-269.169,-433.967,-551.391,-476.055,-437.030,-379.708,-342.757,-91.193,30.059,13.204,-16.247,-31.568,-74.391,-135.677,-172.650,-1.000,-544.798,-289.718,14.557,-320.785,102.185
83839.961,302.499,0.966,34.006,558.295,-50.437,540.622,-270.953,-433.753,-551.704,-476.595,-437.861,-378.747,-343.079,-90.412,29.850,12.570,-16.778,-31.777,-74.077,-136.506,-173.437,-1.000,-544.798,-289.718,14.557,-320.769,102.185
83835.930,302.497,0.965,34.014,558.532,-50.437,540.622,-270.730,-433.967,-551.495,-475.731,-437.653,-378.747,-341.688,-92.978,29.537,12.254,-16.778,-31.881,-73.659,-135.988,-173.550,-1.000,-544.798,-289.718,14.557,-320.785,102.218
83839.961,302.497,0.966,34.014,558.532,-50.277,540.622,-268.835,-434.822,-550.869,-475.300,-436.823,-378.747,-341.473,-88.067,30.476,13.838,-15.822,-31.359,-72.824,-134.433,-171.074,-1.000,-544.798,-289.718,14.557,-320.801,102.185
83835.930,302.494,0.966,34.014,558.532,-50.437,542.354,-269.169,-432.364,-551.286,-475.192,-436.408,-378.106,-342.544,-91.973,31.311,12.254,-16.353,-31.568,-74.286,-135.158,-172.650,-1.000,-544.798,-289.718,14.557,-320.769,102.185
83831.898,302.497,0.965,34.018,558.611,-50.597,541.488,-269.281,-434.074,-551.286,-476.379,-437.445,-378.747,-341.902,-94.094,30.998,13.732,-16.671,-31.568,-72.719,-135.158,-171.862,-1.000,-544.798,-289.718,14.557,-320.769,102.185
83839.961,302.497,0.966,34.016,558.611,-50.437,542.246,-269.281,-433.647,-551.078,-474.760,-437.653,-377.572,-340.296,-91.750,31.207,13.838,-15.716,-31.985,-73.450,-135.055,-172.312,-1.000,-544.798,-289.718,14.557,-320.769,102.175
83839.961,302.499,0.966,34.016,558.611,-50.117,541.813,-269.281,-433.540,-551.599,-476.163,-437.342,-379.174,-341.580,-89.629,30.163,12.993,-16.671,-31.672,-74.391,-135.988,-172.312,-1.000,-544.798,-289.718,14.557,-320.720,102.196
83835.930,302.501,0.965,34.024,558.848,-50.437,540.622,-269.504,-433.540,-551.495,-475.839,-436.823,-378.213,-342.972,-90.187,29.537,12.993,-16.884,-32.299,-73.869,-136.298,-174.113,-1.000,-544.798,-289.718,14.557,-320.736,102.196
83835.930,302.497,0.965,34.022,558.769,-50.277,540.622,-270.953,-434.715,-551.913,-476.595,-438.379,-378.853,-342.651,-91.750,29.433,12.254,-17.096,-33.135,-74.287,-136.713,-174.337,-1.000,-544.798,-289.718,14.557,-320.769,102.185
83848.024,302.497,0.966,34.014,558.611,-50.277,539.758,-269.169,-434.608,-551.808,-476.055,-438.172,-379.387,-342.544,-92.531,28.180,12.254,-17.096,-32.717,-74.496,-136.816,-174.450,-1.000,-544.798,-289.718,14.557,-320.752,102.185
83839.961,302.496,0.966,34.021,558.769,-50.117,539.433,-269.615,-433.326,-552.330,-476.271,-437.653,-379.174,-342.330,-92.085,29.746,11.831,-17.627,-32.926,-74.914,-137.645,-174.787,-1.000,-544.798,-289.718,14.557,-320.752,102.185
83843.993,302.497,0.966,34.018,558.690,-50.117,539.974,-270.283,-433.432,-551.913,-477.135,-437.653,-379.280,-342.544,-90.857,29.537,12.465,-18.477,-33.553,-74.914,-137.023,-174.900,-1.000,-544.798,-289.718,14.557,-320.801,102.207
83839.961,302.494,0.966,34.018,558.690,-49.957,539.649,-268.611,-434.073,-551.914,-476.163,-438.276,-378.960,-341.473,-89.518,29.746,12.676,-16.671,-32.926,-74.391,-136.609,-175.125,-1.000,-544.798,-289.718,14.557,-320.769,102.207
83852.055,302.483,0.966,9.058,39.621,-24.182,35.827,-34.658,-29.387,-19.100,-17.920,-20.752,-21.780,-22.683,-19.980,-5.001,2.007,-3.186,5.234,4.186,3.737,5.638,7.000,-544.798,-289.718,14.557,-320.769,102.207
83843.993,302.483,0.966,9.077,39.780,-24.022,36.260,-33.326,-29.173,-18.682,-17.272,-21.582,-21.139,-22.362,-19.199,-5.209,1.690,-2.336,4.711,4.500,3.841,5.526,7.000,-544.798,-289.718,14.557,-320.785,102.185
83848.024,302.483,0.966,9.077,39.780,-24.342,36.043,-33.437,-28.318,-18.369,-16.948,-20.752,-22.847,-22.790,-19.645,-4.688,1.690,-2.124,5.234,3.558,4.256,5.751,7.000,-544.798,-289.718,14.557,-320.769,102.185
83839.961,302.484,0.966,9.095,39.938,-24.502,35.719,-33.994,-28.212,-18.369,-16.948,-20.648,-21.566,-22.897,-20.426,-4.792,1.373,-2.549,5.548,4.813,3.322,5.751,7.000,-544.798,-289.718,14.557,-320.769,102.185
83843.993,302.484,0.966,9.086,39.859,-24.342,36.043,-34.440,-28.532,-18.578,-16.840,-20.440,-21.246,-22.683,-21.431,-3.959,1.795,-2.442,5.339,4.081,4.256,5.187,7.000,-544.798,-289.718,14.557,-320.785,102.207
83843.993,302.486,0.966,9.095,39.938,-24.182,36.260,-33.103,-28.532,-18.161,-16.624,-20.440,-21.353,-21.506,-20.650,-5.209,2.218,-2.549,5.234,4.081,3.426,5.977,7.000,-544.798,-289.718,14.557,-320.769,102.185
83848.024,302.486,0.966,9.104,40.017,-24.342,35.502,-33.214,-28.318,-18.682,-16.624,-20.648,-20.822,-22.683,-21.096,-4.167,1.584,-2.336,5.548,4.395,4.464,5.300,7.000,-544.798,-289.718,14.557,-320.752,102.185
83848.024,302.486,0.966,9.077,39.780,-24.502,36.476,-33.883,-27.998,-18.474,-16.732,-20.233,-21.036,-22.579,-20.315,-4.792,1.795,-3.186,5.758,4.500,4.152,6.090,7.000,-544.798,-289.718,14.557,-320.769,102.196
83843.993,302.484,0.966,9.086,39.859,-24.342,35.827,-32.434,-28.853,-17.221,-16.085,-20.337,-21.249,-22.365,-19.533,-5.417,1.690,-2.442,4.920,4.604,3.737,5.864,7.000,-544.798,-289.718,14.557,-320.736,102.207
83839.961,302.484,0.966,9.077,39.780,-24.022,36.151,-32.880,-27.891,-18.474,-16.408,-19.818,-22.103,-22.793,-20.649,-4.688,1.267,-2.442,4.711,3.453,3.737,5.526,7.000,-544.798,-289.718,14.557,-320.801,102.218
83843.993,302.486,0.966,9.086,39.859,-24.182,35.827,-33.326,-27.998,-17.430,-17.056,-20.855,-21.569,-22.900,-20.203,-5.001,1.585,-2.655,5.130,3.976,3.010,5.413,7.000,-544.798,-289.718,14.557,-320.769,102.185
83843.993,302.484,0.966,9.095,39.938,-24.182,35.827,-33.214,-28.425,-18.578,-16.192,-21.686,-21.676,-22.472,-20.203,-4.688,1.901,-2.442,5.025,4.186,3.841,4.736,7.000,-544.798,-289.718,14.557,-320.752,102.207
83835.930,302.489,0.966,9.095,39.938,-24.182,35.719,-33.437,-28.212,-17.847,-17.380,-20.233,-22.103,-22.579,-19.756,-5.417,0.951,-2.336,5.445,3.872,3.322,5.300,7.000,-544.798,-289.718,14.557,-320.785,102.218
83839.961,302.484,0.966,9.104,40.017,-24.342,34.961,-33.549,-28.105,-17.952,-16.732,-20.337,-21.142,-23.650,-20.761,-4.480,0.528,-2.973,4.816,4.395,3.218,4.962,7.000,-544.798,-289.718,14.557,-320.752,102.207
83835.930,302.489,0.966,9.086,39.859,-23.862,35.827,-34.329,-28.639,-18.056,-16.624,-20.129,-21.249,-22.900,-20.091,-5.105,1.585,-2.655,4.921,4.813,3.945,4.962,7.000,-544.798,-289.718,14.557,-320.752,102.196
83835.930,302.489,0.966,9.086,39.859,-24.182,35.394,-32.991,-29.387,-18.369,-17.056,-20.440,-21.676,-22.472,-19.645,-5.313,1.373,-2.761,4.712,4.395,3.738,5.188,7.000,-544.798,-289.718,14.557,-320.752,102.196
83839.961,302.491,0.966,9.086,39.859,-24.182,34.966,-33.883,-28.425,-18.995,-16.408,-20.544,-21.890,-22.686,-20.426,-4.688,0.845,-2.442,5.026,4.290,3.738,5.639,7.000,-544.798,-289.718,14.557,-320.752,102.196
83839.961,302.488,0.966,9.095,39.938,-24.182,35.832,-33.883,-28.425,-18.265,-17.488,-20.752,-21.890,-23.007,-19.868,-4.584,2.007,-2.867,5.445,4.395,3.426,5.527,7.000,-544.798,-289.718,14.557,-320.769,102.218
83835.930,302.489,0.966,9.095,39.938,-24.022,35.832,-33.549,-28.212,-18.265,-16.624,-21.270,-21.463,-22.365,-19.756,-5.001,1.690,-2.124,4.607,4.500,3.841,5.075,7.000,-544.798,-289.718,14.557,-320.801,102.185
83839.961,302.492,0.966,9.095,39.938,-23.862,35.724,-33.103,-28.318,-18.265,-16.948,-20.752,-22.530,-22.472,-19.756,-4.584,1.479,-2.124,5.759,3.872,4.049,6.091,7.000,-544.798,-289.718,14.557,-320.769,102.185
83860.118,302.489,0.966,17.298,144.494,-35.389,141.900,-131.164,-107.610,-75.147,-75.889,-82.903,-83.596,-82.065,-80.813,-18.857,-0.422,2.979,14.028,15.173,20.865,32.591,7.000,-544.798,-289.718,14.557,-320.736,102.185
83852.055,302.489,0.966,17.308,144.652,-35.068,141.575,-130.182,-107.290,-75.460,-76.321,-82.592,-83.916,-83.135,-76.794,-20.315,-1.476,2.872,14.342,14.231,20.554,33.042,7.000,-544.798,-289.718,14.557,-320.769,102.196
83856.087,302.491,0.966,17.308,144.652,-35.549,141.467,-130.182,-106.114,-75.878,-76.213,-83.629,-81.887,-80.995,-79.027,-19.690,-1.265,2.872,13.819,14.964,20.450,32.591,7.000,-544.798,-289.718,14.557,-320.785,102.196
83848.024,302.488,0.966,17.313,144.731,-35.709,142.333,-131.297,-107.076,-75.878,-77.076,-84.252,-84.770,-83.777,-79.027,-19.065,-0.422,2.234,14.028,14.545,20.865,32.252,7.000,-544.798,-289.718,14.557,-320.785,102.207
83860.118,302.489,0.966,17.307,144.652,-35.389,141.251,-130.628,-107.931,-76.191,-77.292,-85.186,-85.304,-84.954,-82.822,-20.211,-0.949,3.192,13.191,14.754,20.761,32.591,7.000,-544.798,-289.718,14.557,-320.785,102.207
83860.118,302.489,0.966,17.303,144.573,-35.389,141.251,-131.185,-108.037,-77.756,-77.832,-84.355,-84.877,-84.205,-82.934,-19.795,-1.371,2.766,13.714,14.022,20.554,32.365,7.000,-544.798,-289.718,14.557,-320.769,102.207
83856.087,302.488,0.966,17.313,144.731,-35.549,141.142,-132.411,-109.320,-77.756,-78.048,-84.978,-85.530,-83.991,-82.264,-19.795,-1.160,2.234,13.086,14.754,19.723,32.027,7.000,-544.798,-289.718,14.557,-320.769,102.196
83864.150,302.488,0.966,17.307,144.652,-35.709,141.142,-132.411,-110.068,-77.652,-77.508,-85.082,-86.064,-83.469,-81.929,-20.003,-0.738,3.192,13.191,15.068,20.761,31.237,7.000,-544.798,-289.718,14.557,-320.752,102.185
83860.118,302.486,0.966,17.317,144.810,-35.228,141.142,-132.634,-110.602,-78.069,-78.264,-83.422,-86.171,-84.753,-78.914,-20.524,-1.371,2.553,13.714,14.650,20.138,32.252,7.000,-544.798,-289.718,14.557,-320.769,102.196
83860.118,302.486,0.966,17.322,144.889,-35.389,140.818,-132.634,-110.175,-77.756,-76.860,-83.007,-84.569,-84.753,-77.798,-19.690,-1.265,2.660,13.400,14.859,19.827,31.012,7.000,-544.798,-289.718,14.557,-320.752,102.196
83856.087,302.488,0.966,17.322,144.889,-35.228,141.034,-133.303,-110.388,-77.443,-76.213,-82.280,-83.822,-82.934,-76.235,-19.899,-0.843,2.447,13.191,14.545,20.969,31.688,7.000,-544.798,-289.718,14.557,-320.752,102.207
83856.087,302.484,0.966,17.317,144.810,-35.709,141.359,-131.297,-110.068,-76.400,-75.673,-81.139,-83.395,-83.255,-74.784,-20.524,-1.265,2.660,13.295,14.545,20.346,32.252,7.000,-544.798,-289.718,14.557,-320.769,102.175
83856.087,302.484,0.966,17.317,144.810,-35.389,140.818,-131.408,-108.892,-76.608,-75.133,-80.931,-83.288,-83.683,-74.114,-19.065,-0.843,3.298,13.926,14.650,21.176,32.365,7.000,-544.798,-289.718,14.557,-320.769,102.196
83864.150,302.488,0.966,17.321,144.889,-35.549,142.116,-131.297,-108.144,-75.356,-75.457,-80.205,-82.647,-81.864,-73.668,-19.169,-0.422,1.915,13.926,14.859,20.657,33.042,7.000,-544.798,-289.718,14.557,-320.769,102.196
83856.087,302.486,0.966,17.331,145.047,-35.549,142.549,-130.071,-108.037,-75.460,-75.133,-81.554,-83.181,-81.757,-71.770,-19.274,-0.633,3.298,13.716,15.591,21.387,33.267,7.000,-544.798,-289.718,14.557,-320.801,102.196
83860.118,302.483,0.966,17.326,144.968,-35.389,142.766,-130.071,-107.824,-76.504,-75.673,-80.413,-83.715,-82.827,-71.436,-18.961,-0.633,2.766,14.240,14.126,21.387,33.154,7.000,-544.798,-289.718,14.557,-320.736,102.185
83856.087,302.486,0.966,17.327,144.968,-35.389,142.463,-130.851,-108.572,-76.400,-75.889,-81.035,-83.501,-82.934,-73.891,-18.440,-0.527,2.766,14.135,15.382,20.660,32.591,7.000,-544.798,-289.718,14.557,-320.752,102.196
83856.087,302.484,0.966,17.327,144.968,-35.228,142.247,-132.188,-108.999,-76.608,-74.917,-81.865,-84.356,-84.325,-73.333,-18.440,-0.633,3.405,14.344,14.650,20.557,32.252,7.000,-544.798,-289.718,14.557,-320.769,102.196
83856.087,302.484,0.966,17.327,144.968,-35.228,141.597,-131.185,-109.534,-76.608,-75.349,-81.243,-83.822,-85.181,-72.329,-19.795,-0.316,3.511,14.554,14.754,20.557,33.605,7.000,-544.798,-289.718,14.557,-320.720,102.185
83860.118,302.486,0.966,17.326,144.968,-35.228,141.272,-131.185,-108.572,-76.504,-75.673,-80.828,-83.288,-83.469,-74.003,-18.544,-1.160,3.298,13.926,15.068,20.972,33.267,7.000,-544.798,-289.718,14.557,-320.785,102.207
83848.024,302.489,0.966,33.992,557.899,-69.168,164.331,-1306.720,-1159.795,-1012.543,-907.510,-620.890,-508.163,-400.116,-136.288,81.931,114.824,142.044,170.562,196.335,264.847,350.264,7.000,-544.798,-289.718,14.557,-320.785,102.196
83843.993,302.491,0.966,33.993,557.899,-69.168,168.228,-1306.387,-1158.942,-1011.293,-907.295,-617.674,-507.202,-398.832,-133.609,82.870,115.881,141.087,170.772,195.497,264.328,350.039,7.000,-544.798,-289.718,14.557,-320.752,102.207
83848.024,302.488,0.966,33.997,558.057,-69.328,166.929,-1306.276,-1160.650,-1012.647,-908.265,-619.542,-508.697,-399.688,-134.055,81.931,115.458,142.364,170.144,195.916,264.120,350.490,7.000,-544.798,-289.718,14.557,-320.785,102.196
83843.993,302.492,0.966,33.991,557.820,-69.328,167.470,-1305.497,-1158.516,-1011.294,-906.432,-618.193,-507.629,-396.584,-131.041,83.392,116.092,142.364,171.714,196.125,265.885,352.295,7.000,-544.798,-289.718,14.557,-320.769,102.196
83856.087,302.492,0.966,33.993,557.978,-69.168,168.769,-1305.274,-1158.409,-1011.190,-907.614,-616.429,-507.843,-398.190,-132.046,83.601,115.775,141.938,170.876,196.753,264.224,350.941,7.000,-544.798,-289.718,14.557,-320.752,102.207
83848.024,302.494,0.966,33.993,557.899,-69.168,167.145,-1305.274,-1159.370,-1011.502,-906.751,-616.949,-507.736,-397.547,-133.832,82.349,115.141,141.406,170.876,195.916,264.847,350.039,7.000,-544.798,-289.718,14.557,-320.752,102.196
83848.024,302.491,0.966,34.000,558.137,-69.328,166.496,-1305.274,-1159.583,-1011.294,-906.967,-616.119,-507.125,-398.511,-132.939,82.244,115.141,141.832,170.248,196.021,264.120,350.377,7.000,-544.798,-289.718,14.557,-320.752,102.196
83843.993,302.492,0.966,33.998,558.057,-69.168,165.521,-1305.608,-1159.156,-1012.544,-907.398,-615.807,-507.658,-398.725,-134.948,81.931,114.402,141.087,169.306,195.288,263.497,348.121,7.000,-544.798,-289.718,14.557,-320.785,102.196
83848.024,302.491,0.966,33.995,557.978,-69.648,164.331,-1306.276,-1159.796,-1012.752,-908.585,-618.401,-508.833,-399.795,-136.397,80.261,113.345,139.278,168.468,194.346,261.940,347.219,7.000,-544.798,-289.718,14.557,-320.752,102.207
83835.930,302.491,0.966,34.000,558.057,-69.328,163.573,-1307.166,-1161.183,-1013.169,-908.045,-618.401,-509.153,-400.330,-136.955,80.052,113.768,139.810,167.840,194.032,262.148,347.219,7.000,-544.798,-289.718,14.557,-320.785,102.196
83843.993,302.489,0.966,33.998,558.057,-69.008,163.031,-1306.721,-1160.863,-1013.378,-909.232,-622.552,-510.114,-402.149,-137.625,79.113,113.345,139.491,168.678,193.509,261.213,346.993,7.000,-544.798,-289.718,14.557,-320.785,102.196
83835.930,302.488,0.966,34.002,558.137,-69.488,161.732,-1308.057,-1161.504,-1014.107,-909.879,-621.514,-510.007,-403.112,-138.853,78.800,112.923,139.257,167.735,194.032,261.525,345.865,7.000,-544.798,-289.718,14.557,-320.785,102.196
83848.024,302.488,0.966,33.997,558.057,-69.648,161.299,-1309.726,-1162.037,-1014.107,-910.094,-621.825,-510.007,-401.935,-138.741,79.426,112.395,139.789,168.573,194.765,262.667,347.219,7.000,-544.798,-289.718,14.557,-320.769,102.207
83843.993,302.491,0.966,33.998,558.057,-69.328,162.598,-1308.279,-1161.610,-1013.378,-909.339,-623.693,-508.406,-400.865,-135.616,79.426,113.768,140.746,168.992,195.154,263.186,349.249,7.000,-544.798,-289.718,14.557,-320.769,102.185
83843.993,302.488,0.966,33.993,557.899,-69.648,163.356,-1307.834,-1160.970,-1014.107,-908.693,-617.883,-508.726,-400.972,-135.616,81.514,113.662,140.534,169.306,194.841,262.771,349.362,7.000,-544.798,-289.718,14.557,-320.736,102.196
83835.930,302.488,0.966,33.997,557.978,-69.809,163.898,-1308.391,-1161.290,-1013.690,-909.232,-616.949,-509.046,-400.437,-135.393,81.618,114.930,140.534,170.249,195.678,264.224,350.038,7.000,-544.798,-289.718,14.557,-320.785,102.196
83839.961,302.489,0.966,33.996,557.978,-69.488,165.630,-1307.389,-1160.970,-1012.857,-907.830,-621.099,-508.406,-399.688,-133.830,81.305,114.613,140.959,169.097,195.259,263.705,348.798,7.000,-544.798,-289.718,14.557,-320.769,102.196
83839.961,302.486,0.966,33.994,557.899,-69.488,164.114,-1307.389,-1161.397,-1013.482,-908.800,-619.543,-509.367,-400.651,-135.281,80.470,113.345,140.321,168.887,194.527,263.186,349.023,7.000,-544.798,-289.718,14.557,-320.752,102.196
83839.961,302.488,0.966,33.996,557.978,-69.488,163.898,-1307.500,-1160.862,-1012.648,-908.693,-620.684,-507.658,-400.116,-135.393,81.827,114.930,141.172,169.306,196.410,263.913,350.151,7.000,-544.798,-289.718,14.557,-320.769,102.185
83839.961,302.486,0.966,33.994,557.899,-69.168,165.955,-1306.832,-1159.261,-1011.294,-907.075,-618.713,-508.086,-399.474,-135.281,82.244,114.719,141.278,170.144,195.678,263.705,348.459,7.000,-544.798,-289.718,14.557,-320.769,102.196
83835.930,302.468,0.966,8.913,38.357,-37.790,16.455,-30.311,-24.151,-22.857,-22.669,-26.354,-27.331,-28.674,-24.333,-6.251,3.803,2.766,11.517,13.291,17.442,22.332,15.000,-544.798,-289.718,14.557,-320.785,102.185
83839.961,302.465,0.966,8.913,38.357,-37.790,16.780,-30.874,-23.082,-23.692,-22.130,-26.147,-27.438,-28.567,-24.668,-5.313,3.380,2.234,12.250,12.663,17.338,22.106,15.000,-544.798,-289.718,14.557,-320.785,102.196
83843.993,302.468,0.966,8.904,38.278,-38.270,17.104,-30.874,-23.403,-22.648,-22.993,-25.628,-26.584,-27.818,-24.556,-5.522,3.697,1.915,11.832,13.605,17.130,21.994,15.000,-544.798,-289.718,14.557,-320.736,102.196
83835.930,302.465,0.966,8.922,38.436,-37.950,17.104,-30.205,-23.723,-22.857,-22.453,-27.288,-27.224,-27.925,-24.110,-5.626,3.486,2.022,11.413,13.291,16.923,21.317,15.000,-544.798,-289.718,14.557,-320.769,102.196
83835.930,302.467,0.966,8.904,38.278,-37.630,16.996,-30.874,-23.616,-22.649,-22.454,-26.043,-28.078,-28.032,-24.110,-5.626,3.486,2.341,11.936,12.245,16.923,21.430,15.000,-544.798,-289.718,14.557,-320.769,102.196
83839.961,302.467,0.966,8.904,38.278,-38.110,16.238,-31.542,-23.723,-22.962,-23.641,-27.288,-28.078,-29.637,-24.556,-5.730,3.275,1.702,11.308,13.501,16.611,21.768,15.000,-544.798,-289.718,14.557,-320.785,102.185
83839.961,302.467,0.966,8.913,38.357,-37.950,15.805,-31.988,-24.365,-23.379,-22.885,-27.185,-27.652,-29.316,-25.672,-5.626,3.486,1.809,12.250,13.501,17.338,20.753,15.000,-544.798,-289.718,14.557,-320.769,102.196
83843.993,302.468,0.966,8.913,38.357,-38.110,15.697,-31.431,-24.365,-24.005,-23.317,-27.288,-27.972,-29.210,-26.454,-6.251,3.908,2.128,11.517,12.977,16.508,21.430,15.000,-544.798,-289.718,14.557,-320.769,102.185
83843.993,302.467,0.966,8.904,38.278,-37.950,14.614,-32.657,-24.471,-24.527,-23.641,-27.288,-27.758,-29.638,-27.346,-5.730,2.958,2.128,11.622,13.187,16.092,21.430,15.000,-544.798,-289.718,14.557,-320.752,102.185
83839.961,302.465,0.966,8.904,38.278,-38.110,15.156,-33.771,-25.219,-23.901,-23.857,-27.600,-28.292,-30.066,-27.458,-5.834,3.592,1.490,11.203,13.605,16.819,21.204,15.000,-544.798,-289.718,14.557,-320.785,102.218
83839.961,302.463,0.966,8.904,38.278,-37.950,14.614,-33.103,-25.861,-24.423,-23.857,-28.637,-28.933,-30.280,-27.235,-6.355,3.169,2.022,10.575,13.291,16.715,21.317,15.000,-544.798,-289.718,14.557,-320.736,102.196
83848.024,302.463,0.966,8.922,38.436,-38.110,14.506,-32.991,-25.113,-24.945,-24.397,-28.015,-29.040,-30.601,-27.346,-6.251,3.380,1.915,12.041,12.454,16.923,21.655,15.000,-544.798,-289.718,14.557,-320.752,102.196
83848.024,302.467,0.966,8.903,38.278,-37.950,14.506,-33.214,-25.326,-24.214,-24.721,-28.222,-28.826,-30.922,-27.346,-5.938,3.063,1.809,11.413,13.187,16.404,21.543,15.000,-544.798,-289.718,14.557,-320.785,102.196
83843.993,302.467,0.966,8.913,38.357,-37.950,15.264,-33.326,-25.433,-23.797,-24.073,-28.637,-29.253,-29.745,-27.681,-6.147,3.169,1.915,11.517,12.873,17.338,20.979,15.000,-544.798,-289.718,14.557,-320.769,102.207
83843.993,302.465,0.966,8.931,38.515,-38.110,15.156,-32.323,-25.647,-24.632,-24.613,-28.015,-29.787,-30.601,-27.123,-6.459,3.169,2.022,11.622,12.977,17.130,21.994,15.000,-544.798,-289.718,14.557,-320.785,102.196
83843.993,302.465,0.966,8.913,38.357,-37.790,15.480,-32.657,-25.113,-24.214,-24.613,-28.637,-28.826,-30.922,-26.788,-5.834,2.535,2.447,11.622,13.501,17.234,22.103,15.000,-544.798,-289.718,14.557,-320.752,102.196
83852.055,302.463,0.966,8.912,38.357,-37.950,15.694,-33.771,-25.540,-24.632,-24.505,-28.534,-29.146,-29.745,-27.681,-6.147,3.486,1.596,11.622,13.815,17.546,21.652,15.000,-544.798,-289.718,14.557,-320.752,102.196
83848.024,302.465,0.966,8.922,38.436,-38.270,15.478,-32.434,-25.861,-24.527,-24.181,-28.222,-29.680,-30.494,-26.900,-6.459,3.169,2.234,10.889,13.187,17.027,21.877,15.000,-544.798,-289.718,14.557,-320.736,102.196
83843.993,302.463,0.966,8.922,38.436,-38.110,15.586,-33.437,-25.540,-25.153,-24.289,-28.118,-29.467,-30.066,-27.458,-6.147,3.063,2.022,11.413,12.977,17.338,21.765,15.000,-544.798,-289.718,14.557,-320.801,102.196
83839.961,302.467,0.966,8.913,38.357,-38.270,15.586,-33.549,-25.433,-24.527,-24.936,-28.326,-29.467,-30.387,-27.793,-6.147,3.063,1.383,10.994,13.082,16.611,21.088,15.000,-544.798,-289.718,14.557,-320.769,102.196
83852.055,302.465,0.966,16.959,138.883,-37.150,67.659,-103.749,-93.824,-94.038,-95.211,-100.023,-101.424,-101.644,-94.765,-25.629,3.169,16.492,33.715,43.746,63.642,84.027,15.000,-544.798,-289.718,14.557,-320.801,102.196
83843.993,302.467,0.966,16.965,138.962,-36.989,67.768,-103.655,-92.008,-93.933,-95.427,-99.711,-100.463,-102.072,-95.323,-24.378,2.746,16.066,33.610,43.746,63.123,83.802,15.000,-544.798,-289.718,14.557,-320.801,102.196
83852.055,302.465,0.966,16.973,139.120,-36.989,68.634,-103.432,-92.756,-92.263,-95.535,-99.296,-100.036,-101.537,-96.216,-23.649,4.120,16.386,33.819,44.165,63.331,84.704,15.000,-544.798,-289.718,14.557,-320.752,102.196
83843.993,302.467,0.966,16.969,139.041,-36.989,69.283,-102.763,-91.581,-92.055,-94.024,-98.362,-99.075,-100.254,-96.216,-23.545,4.014,17.130,34.448,44.165,63.954,84.366,15.000,-544.798,-289.718,14.557,-320.752,102.196
83848.024,302.468,0.966,16.969,139.041,-36.989,68.309,-102.540,-91.581,-92.577,-93.377,-97.532,-98.542,-98.649,-95.769,-23.545,4.225,17.024,34.971,44.165,63.954,85.042,15.000,-544.798,-289.718,14.557,-320.752,102.185
83848.024,302.465,0.966,16.969,139.041,-36.989,67.876,-103.209,-91.260,-92.160,-94.132,-98.882,-97.367,-98.863,-94.318,-23.962,4.014,17.343,34.343,44.374,63.538,85.042,15.000,-544.798,-289.718,14.557,-320.769,102.207
83843.993,302.467,0.966,16.965,138.962,-37.310,68.092,-103.767,-91.901,-92.681,-94.780,-98.674,-98.863,-98.328,-94.095,-24.066,4.542,17.130,34.029,43.956,63.746,84.478,15.000,-544.798,-289.718,14.557,-320.785,102.185
83848.024,302.468,0.966,16.979,139.199,-37.150,67.984,-101.426,-92.115,-92.160,-94.348,-99.089,-99.076,-98.970,-93.537,-24.170,3.803,17.237,34.238,43.328,63.642,85.042,15.000,-544.798,-289.718,14.557,-320.769,102.185
83839.961,302.470,0.966,16.980,139.199,-36.989,68.634,-101.203,-90.940,-92.160,-93.161,-99.816,-99.076,-99.933,-96.215,-23.232,3.592,17.130,34.762,44.165,64.058,84.366,15.000,-544.798,-289.718,14.557,-320.752,102.196
83843.993,302.463,0.966,16.969,139.041,-36.989,67.551,-102.095,-91.153,-91.846,-94.996,-98.986,-99.396,-100.254,-97.331,-23.962,4.648,16.918,34.343,44.165,63.850,84.591,15.000,-544.798,-289.718,14.557,-320.769,102.196
83852.055,302.465,0.966,16.978,139.199,-37.310,67.335,-101.314,-91.367,-92.160,-92.837,-99.608,-99.396,-99.826,-97.219,-24.379,3.697,17.024,33.610,44.584,63.954,84.366,15.000,-544.798,-289.718,14.557,-320.785,102.185
83848.024,302.465,0.966,16.969,139.041,-37.150,67.335,-101.537,-91.260,-92.577,-94.240,-98.570,-100.251,-99.933,-96.773,-24.691,2.958,17.130,34.552,43.746,64.058,84.478,15.000,-544.798,-289.718,14.557,-320.785,102.196
83848.024,302.465,0.966,16.979,139.199,-37.150,66.902,-101.983,-91.581,-93.621,-95.212,-99.712,-99.290,-101.431,-95.099,-23.858,3.803,17.130,34.133,44.165,63.435,84.478,15.000,-544.798,-289.718,14.557,-320.769,102.196
83843.993,302.465,0.966,16.969,139.041,-36.829,66.252,-103.655,-92.970,-94.560,-95.428,-100.127,-101.105,-102.180,-97.108,-23.962,3.908,17.024,34.448,44.584,64.058,84.704,15.000,-544.798,-289.718,14.557,-320.785,102.196
83843.993,302.463,0.966,16.969,139.041,-36.989,65.386,-103.767,-93.184,-95.186,-94.996,-100.334,-101.425,-102.287,-100.121,-24.587,3.275,16.705,34.448,43.851,64.161,85.945,15.000,-544.798,-289.718,14.557,-320.769,102.207
83848.024,302.465,0.966,16.974,139.120,-37.310,64.412,-104.993,-93.932,-96.021,-96.399,-100.023,-100.784,-101.217,-99.563,-24.795,3.380,16.598,34.133,43.746,63.538,85.254,15.000,-544.798,-289.718,14.557,-320.752,102.185
83839.961,302.463,0.966,16.960,138.883,-36.989,64.510,-106.887,-95.214,-96.230,-96.183,-100.853,-100.357,-100.040,-98.670,-25.212,3.275,15.960,33.505,44.374,63.538,84.916,15.000,-544.798,-289.718,14.557,-320.769,102.196
83848.024,302.468,0.966,16.969,139.041,-36.989,63.860,-105.884,-96.176,-96.752,-97.479,-100.542,-100.891,-101.324,-97.443,-25.420,2.958,16.598,33.715,43.851,63.331,84.578,15.000,-544.798,-289.718,14.557,-320.769,102.185
83843.993,302.467,0.966,16.969,139.041,-37.150,64.077,-106.665,-94.787,-96.961,-98.019,-101.164,-102.172,-102.822,-101.014,-25.004,3.592,16.598,34.238,43.432,63.435,84.690,15.000,-544.798,-289.718,14.557,-320.752,102.218
83848.024,302.467,0.966,16.964,138.962,-37.310,63.319,-107.333,-96.283,-96.961,-98.019,-101.787,-102.172,-103.357,-102.019,-24.899,3.908,16.811,33.924,44.374,63.123,85.141,15.000,-544.798,-289.718,14.557,-320.769,102.196
83856.087,302.457,0.966,34.133,562.641,-74.291,253.857,-432.566,-417.190,-427.399,-414.311,-412.751,-411.314,-412.636,-414.890,-106.578,3.275,77.459,127.843,174.148,261.421,355.679,15.000,-544.798,-289.718,14.557,-320.638,102.196
83852.055,302.460,0.966,34.129,562.483,-74.451,250.934,-431.674,-417.083,-426.773,-411.936,-412.543,-408.645,-409.854,-410.537,-109.182,2.746,77.779,127.739,174.462,261.628,353.874,15.000,-544.798,-289.718,14.557,-320.687,102.185
83856.087,302.460,0.966,34.126,562.404,-74.451,249.743,-432.008,-419.113,-426.355,-413.016,-412.855,-413.023,-414.134,-410.425,-106.890,3.169,78.098,128.576,174.566,262.251,356.582,15.000,-544.798,-289.718,14.557,-320.654,102.185
83852.055,302.459,0.966,34.129,562.483,-74.771,242.707,-436.578,-421.999,-430.739,-418.413,-419.080,-416.546,-419.485,-413.662,-107.516,3.592,78.843,129.100,175.613,263.290,355.792,15.000,-544.798,-289.718,14.557,-320.654,102.207
83852.055,302.460,0.966,34.127,562.404,-74.451,241.949,-442.597,-425.953,-436.688,-421.973,-421.363,-418.148,-419.913,-426.275,-107.411,3.380,78.630,129.833,176.659,265.158,358.725,15.000,-544.798,-289.718,14.557,-320.654,102.196
83843.993,302.460,0.966,34.128,562.404,-74.451,239.676,-442.151,-427.983,-438.045,-420.677,-420.637,-420.070,-423.765,-432.638,-108.766,3.803,79.694,131.089,177.183,265.781,359.402,15.000,-544.798,-289.718,14.557,-320.638,102.196
83848.024,302.462,0.966,34.125,562.325,-74.611,240.542,-439.810,-425.525,-437.001,-421.001,-421.052,-420.540,-424.621,-434.870,-107.411,2.852,80.119,131.822,177.706,267.131,360.530,15.000,-544.798,-289.718,14.557,-320.671,102.185
83843.993,302.459,0.966,34.126,562.325,-74.451,244.222,-438.027,-424.670,-432.722,-417.439,-418.355,-420.540,-424.984,-445.139,-105.328,5.915,80.545,133.183,179.066,268.169,362.560,15.000,-544.798,-289.718,14.557,-320.671,102.207
83852.055,302.462,0.966,34.129,562.483,-74.611,244.114,-436.578,-423.602,-434.079,-417.547,-420.637,-422.248,-424.984,-435.195,-107.307,5.493,81.609,132.555,179.276,268.377,361.771,15.000,-544.798,-289.718,14.557,-320.687,102.196
83848.024,302.463,0.966,34.123,562.246,-74.611,244.331,-436.801,-424.777,-434.705,-418.411,-416.280,-419.045,-421.346,-433.410,-106.370,5.599,81.609,133.393,178.334,268.688,362.109,15.000,-544.798,-289.718,14.557,-320.671,102.218
83843.993,302.460,0.966,34.121,562.167,-74.611,245.955,-434.349,-421.892,-430.739,-417.115,-418.874,-422.782,-430.441,-425.038,-105.536,6.021,81.822,133.497,179.799,268.065,362.448,15.000,-544.798,-289.718,14.557,-320.687,102.185
83843.993,302.463,0.966,34.121,562.167,-74.771,247.578,-431.451,-420.182,-429.695,-416.144,-417.940,-422.355,-427.445,-418.453,-102.515,8.451,83.418,135.487,181.578,270.453,364.027,15.000,-544.798,-289.718,14.557,-320.638,102.185
83843.993,302.462,0.966,34.114,561.930,-74.771,237.511,-437.470,-425.953,-434.705,-419.922,-419.081,-420.753,-422.309,-421.355,-102.828,8.345,83.737,135.801,182.311,271.907,366.847,15.000,-544.798,-289.718,14.557,-320.654,102.196
83843.993,302.460,0.966,34.116,562.009,-74.932,233.830,-438.807,-425.953,-435.123,-421.649,-420.637,-421.394,-425.519,-425.708,-102.307,8.028,84.588,135.906,182.388,272.114,365.381,15.000,-544.798,-289.718,14.557,-320.654,102.196
83839.961,302.463,0.966,34.120,562.088,-74.611,236.969,-436.021,-423.602,-431.678,-417.871,-418.355,-418.832,-421.132,-421.801,-105.328,6.444,81.609,133.602,180.505,268.481,360.530,15.000,-544.798,-289.718,14.557,-320.654,102.196
83843.993,302.463,0.966,34.117,562.009,-74.451,239.459,-432.900,-423.174,-429.487,-417.223,-416.902,-415.949,-416.532,-406.621,-105.536,6.127,81.290,131.822,179.458,267.858,359.511,15.000,-544.798,-289.718,14.557,-320.654,102.196
83843.993,302.463,0.966,34.114,561.930,-74.451,236.861,-438.361,-424.884,-434.496,-422.189,-417.732,-416.483,-420.276,-406.398,-103.869,6.127,81.609,132.660,178.935,267.858,360.187,15.000,-544.798,-289.718,14.557,-320.671,102.185
83839.961,302.465,0.966,34.113,561.851,-74.611,231.665,-441.259,-428.517,-437.523,-423.808,-422.920,-421.821,-425.198,-414.211,-105.849,5.599,81.077,131.927,179.563,267.028,358.834,15.000,-544.798,-289.718,14.557,-320.654,102.185
83843.993,302.467,0.966,34.112,561.851,-74.611,239.351,-435.018,-423.174,-432.513,-418.195,-419.600,-420.647,-426.054,-424.369,-107.932,5.070,81.290,132.346,178.935,267.754,356.579,15.000,-544.798,-289.718,14.557,-320.654,102.218
83835.930,302.465,0.966,34.111,561.772,-74.611,250.934,-425.878,-416.228,-425.938,-411.502,-410.884,-414.454,-420.169,-418.341,-108.453,4.225,79.800,131.403,177.679,265.470,355.451,15.000,-544.798,-289.718,14.557,-320.671,102.185
